assessment_id,assessment_name,max_score,lesson_id
1,Quiz 1,100,1
2,Quiz 2,100,1
3,Quiz 1,100,2
4,Quiz 2,100,2
5,Quiz 1,100,3
6,Quiz 2,100,3
7,Quiz 1,100,4
8,Quiz 2,100,4
9,Quiz 1,100,5
10,Quiz 2,100,5
11,Quiz 1,100,6
12,Quiz 2,100,6
13,Quiz 1,100,7
14,Quiz 2,100,7
15,Quiz 1,100,8
16,Quiz 2,100,8
17,Quiz 1,100,9
18,Quiz 2,100,9
19,Quiz 1,100,10
20,Quiz 2,100,10
21,Quiz 1,100,11
22,Quiz 2,100,11
23,Quiz 1,100,12
24,Quiz 2,100,12
25,Quiz 1,100,13
26,Quiz 2,100,13
27,Quiz 1,100,14
28,Quiz 2,100,14
29,Quiz 1,100,15
30,Quiz 2,100,15
31,Quiz 1,100,16
32,Quiz 2,100,16
33,Quiz 1,100,17
34,Quiz 2,100,17
35,Quiz 1,100,18
36,Quiz 2,100,18
37,Quiz 1,100,19
38,Quiz 2,100,19
39,Quiz 1,100,20
40,Quiz 2,100,20
41,Quiz 1,100,21
42,Quiz 2,100,21
43,Quiz 1,100,22
44,Quiz 2,100,22
45,Quiz 1,100,23
46,Quiz 2,100,23
47,Quiz 1,100,24
48,Quiz 2,100,24
49,Quiz 1,100,25
50,Quiz 2,100,25
51,Quiz 1,100,26
52,Quiz 2,100,26
53,Quiz 1,100,27
54,Quiz 2,100,27
55,Quiz 1,100,28
56,Quiz 2,100,28
57,Quiz 1,100,29
58,Quiz 2,100,29
59,Quiz 1,100,30
60,Quiz 2,100,30
61,Quiz 1,100,31
62,Quiz 2,100,31
63,Quiz 1,100,32
64,Quiz 2,100,32
65,Quiz 1,100,33
66,Quiz 2,100,33
67,Quiz 1,100,34
68,Quiz 2,100,34
69,Quiz 1,100,35
70,Quiz 2,100,35
71,Quiz 1,100,36
72,Quiz 2,100,36
73,Quiz 1,100,37
74,Quiz 2,100,37
75,Quiz 1,100,38
76,Quiz 2,100,38
77,Quiz 1,100,39
78,Quiz 2,100,39
79,Quiz 1,100,40
80,Quiz 2,100,40
81,Quiz 1,100,41
82,Quiz 2,100,41
83,Quiz 1,100,42
84,Quiz 2,100,42
85,Quiz 1,100,43
86,Quiz 2,100,43
87,Quiz 1,100,44
88,Quiz 2,100,44
89,Quiz 1,100,45
90,Quiz 2,100,45
91,Quiz 1,100,46
92,Quiz 2,100,46
93,Quiz 1,100,47
94,Quiz 2,100,47
95,Quiz 1,100,48
96,Quiz 2,100,48
97,Quiz 1,100,49
98,Quiz 2,100,49
99,Quiz 1,100,50
100,Quiz 2,100,50
101,Quiz 1,100,51
102,Quiz 2,100,51
103,Quiz 1,100,52
104,Quiz 2,100,52
105,Quiz 1,100,53
106,Quiz 2,100,53
107,Quiz 1,100,54
108,Quiz 2,100,54
109,Quiz 1,100,55
110,Quiz 2,100,55
111,Quiz 1,100,56
112,Quiz 2,100,56
113,Quiz 1,100,57
114,Quiz 2,100,57
115,Quiz 1,100,58
116,Quiz 2,100,58
117,Quiz 1,100,59
118,Quiz 2,100,59
119,Quiz 1,100,60
120,Quiz 2,100,60
121,Quiz 1,100,61
122,Quiz 2,100,61
123,Quiz 1,100,62
124,Quiz 2,100,62
125,Quiz 1,100,63
126,Quiz 2,100,63
127,Quiz 1,100,64
128,Quiz 2,100,64
129,Quiz 1,100,65
130,Quiz 2,100,65
131,Quiz 1,100,66
132,Quiz 2,100,66
133,Quiz 1,100,67
134,Quiz 2,100,67
135,Quiz 1,100,68
136,Quiz 2,100,68
137,Quiz 1,100,69
138,Quiz 2,100,69
139,Quiz 1,100,70
140,Quiz 2,100,70
141,Quiz 1,100,71
142,Quiz 2,100,71
143,Quiz 1,100,72
144,Quiz 2,100,72
145,Quiz 1,100,73
146,Quiz 2,100,73
147,Quiz 1,100,74
148,Quiz 2,100,74
149,Quiz 1,100,75
150,Quiz 2,100,75
151,Quiz 1,100,76
152,Quiz 2,100,76
153,Quiz 1,100,77
154,Quiz 2,100,77
155,Quiz 1,100,78
156,Quiz 2,100,78
157,Quiz 1,100,79
158,Quiz 2,100,79
159,Quiz 1,100,80
160,Quiz 2,100,80
161,Quiz 1,100,81
162,Quiz 2,100,81
163,Quiz 1,100,82
164,Quiz 2,100,82
165,Quiz 1,100,83
166,Quiz 2,100,83
167,Quiz 1,100,84
168,Quiz 2,100,84
169,Quiz 1,100,85
170,Quiz 2,100,85
171,Quiz 1,100,86
172,Quiz 2,100,86
173,Quiz 1,100,87
174,Quiz 2,100,87
175,Quiz 1,100,88
176,Quiz 2,100,88
177,Quiz 1,100,89
178,Quiz 2,100,89
179,Quiz 1,100,90
180,Quiz 2,100,90
181,Quiz 1,100,91
182,Quiz 2,100,91
183,Quiz 1,100,92
184,Quiz 2,100,92
185,Quiz 1,100,93
186,Quiz 2,100,93
187,Quiz 1,100,94
188,Quiz 2,100,94
189,Quiz 1,100,95
190,Quiz 2,100,95
191,Quiz 1,100,96
192,Quiz 2,100,96
193,Quiz 1,100,97
194,Quiz 2,100,97
195,Quiz 1,100,98
196,Quiz 2,100,98
197,Quiz 1,100,99
198,Quiz 2,100,99
199,Quiz 1,100,100
200,Quiz 2,100,100
201,Quiz 1,100,101
202,Quiz 2,100,101
203,Quiz 1,100,102
204,Quiz 2,100,102
205,Quiz 1,100,103
206,Quiz 2,100,103
207,Quiz 1,100,104
208,Quiz 2,100,104
209,Quiz 1,100,105
210,Quiz 2,100,105
211,Quiz 1,100,106
212,Quiz 2,100,106
213,Quiz 1,100,107
214,Quiz 2,100,107
215,Quiz 1,100,108
216,Quiz 2,100,108
217,Quiz 1,100,109
218,Quiz 2,100,109
219,Quiz 1,100,110
220,Quiz 2,100,110
221,Quiz 1,100,111
222,Quiz 2,100,111
223,Quiz 1,100,112
224,Quiz 2,100,112
225,Quiz 1,100,113
226,Quiz 2,100,113
227,Quiz 1,100,114
228,Quiz 2,100,114
229,Quiz 1,100,115
230,Quiz 2,100,115
231,Quiz 1,100,116
232,Quiz 2,100,116
233,Quiz 1,100,117
234,Quiz 2,100,117
235,Quiz 1,100,118
236,Quiz 2,100,118
237,Quiz 1,100,119
238,Quiz 2,100,119
239,Quiz 1,100,120
240,Quiz 2,100,120
241,Quiz 1,100,121
242,Quiz 2,100,121
243,Quiz 1,100,122
244,Quiz 2,100,122
245,Quiz 1,100,123
246,Quiz 2,100,123
247,Quiz 1,100,124
248,Quiz 2,100,124
249,Quiz 1,100,125
250,Quiz 2,100,125
251,Quiz 1,100,126
252,Quiz 2,100,126
253,Quiz 1,100,127
254,Quiz 2,100,127
255,Quiz 1,100,128
256,Quiz 2,100,128
257,Quiz 1,100,129
258,Quiz 2,100,129
259,Quiz 1,100,130
260,Quiz 2,100,130
261,Quiz 1,100,131
262,Quiz 2,100,131
263,Quiz 1,100,132
264,Quiz 2,100,132
265,Quiz 1,100,133
266,Quiz 2,100,133
267,Quiz 1,100,134
268,Quiz 2,100,134
269,Quiz 1,100,135
270,Quiz 2,100,135
271,Quiz 1,100,136
272,Quiz 2,100,136
273,Quiz 1,100,137
274,Quiz 2,100,137
275,Quiz 1,100,138
276,Quiz 2,100,138
277,Quiz 1,100,139
278,Quiz 2,100,139
279,Quiz 1,100,140
280,Quiz 2,100,140
281,Quiz 1,100,141
282,Quiz 2,100,141
283,Quiz 1,100,142
284,Quiz 2,100,142
285,Quiz 1,100,143
286,Quiz 2,100,143
287,Quiz 1,100,144
288,Quiz 2,100,144
289,Quiz 1,100,145
290,Quiz 2,100,145
291,Quiz 1,100,146
292,Quiz 2,100,146
293,Quiz 1,100,147
294,Quiz 2,100,147
295,Quiz 1,100,148
296,Quiz 2,100,148
297,Quiz 1,100,149
298,Quiz 2,100,149
299,Quiz 1,100,150
300,Quiz 2,100,150
301,Quiz 1,100,151
302,Quiz 2,100,151
303,Quiz 1,100,152
304,Quiz 2,100,152
305,Quiz 1,100,153
306,Quiz 2,100,153
307,Quiz 1,100,154
308,Quiz 2,100,154
309,Quiz 1,100,155
310,Quiz 2,100,155
311,Quiz 1,100,156
312,Quiz 2,100,156
313,Quiz 1,100,157
314,Quiz 2,100,157
315,Quiz 1,100,158
316,Quiz 2,100,158
317,Quiz 1,100,159
318,Quiz 2,100,159
319,Quiz 1,100,160
320,Quiz 2,100,160
321,Quiz 1,100,161
322,Quiz 2,100,161
323,Quiz 1,100,162
324,Quiz 2,100,162
325,Quiz 1,100,163
326,Quiz 2,100,163
327,Quiz 1,100,164
328,Quiz 2,100,164
329,Quiz 1,100,165
330,Quiz 2,100,165
331,Quiz 1,100,166
332,Quiz 2,100,166
333,Quiz 1,100,167
334,Quiz 2,100,167
335,Quiz 1,100,168
336,Quiz 2,100,168
337,Quiz 1,100,169
338,Quiz 2,100,169
339,Quiz 1,100,170
340,Quiz 2,100,170
341,Quiz 1,100,171
342,Quiz 2,100,171
343,Quiz 1,100,172
344,Quiz 2,100,172
345,Quiz 1,100,173
346,Quiz 2,100,173
347,Quiz 1,100,174
348,Quiz 2,100,174
349,Quiz 1,100,175
350,Quiz 2,100,175
351,Quiz 1,100,176
352,Quiz 2,100,176
353,Quiz 1,100,177
354,Quiz 2,100,177
355,Quiz 1,100,178
356,Quiz 2,100,178
357,Quiz 1,100,179
358,Quiz 2,100,179
359,Quiz 1,100,180
360,Quiz 2,100,180
361,Quiz 1,100,181
362,Quiz 2,100,181
363,Quiz 1,100,182
364,Quiz 2,100,182
365,Quiz 1,100,183
366,Quiz 2,100,183
367,Quiz 1,100,184
368,Quiz 2,100,184
369,Quiz 1,100,185
370,Quiz 2,100,185
371,Quiz 1,100,186
372,Quiz 2,100,186
373,Quiz 1,100,187
374,Quiz 2,100,187
375,Quiz 1,100,188
376,Quiz 2,100,188
377,Quiz 1,100,189
378,Quiz 2,100,189
379,Quiz 1,100,190
380,Quiz 2,100,190
381,Quiz 1,100,191
382,Quiz 2,100,191
383,Quiz 1,100,192
384,Quiz 2,100,192
385,Quiz 1,100,193
386,Quiz 2,100,193
387,Quiz 1,100,194
388,Quiz 2,100,194
389,Quiz 1,100,195
390,Quiz 2,100,195
391,Quiz 1,100,196
392,Quiz 2,100,196
393,Quiz 1,100,197
394,Quiz 2,100,197
395,Quiz 1,100,198
396,Quiz 2,100,198
397,Quiz 1,100,199
398,Quiz 2,100,199
399,Quiz 1,100,200
400,Quiz 2,100,200
401,Quiz 1,100,201
402,Quiz 2,100,201
403,Quiz 1,100,202
404,Quiz 2,100,202
405,Quiz 1,100,203
406,Quiz 2,100,203
407,Quiz 1,100,204
408,Quiz 2,100,204
409,Quiz 1,100,205
410,Quiz 2,100,205
411,Quiz 1,100,206
412,Quiz 2,100,206
413,Quiz 1,100,207
414,Quiz 2,100,207
415,Quiz 1,100,208
416,Quiz 2,100,208
417,Quiz 1,100,209
418,Quiz 2,100,209
419,Quiz 1,100,210
420,Quiz 2,100,210
421,Quiz 1,100,211
422,Quiz 2,100,211
423,Quiz 1,100,212
424,Quiz 2,100,212
425,Quiz 1,100,213
426,Quiz 2,100,213
427,Quiz 1,100,214
428,Quiz 2,100,214
429,Quiz 1,100,215
430,Quiz 2,100,215
431,Quiz 1,100,216
432,Quiz 2,100,216
433,Quiz 1,100,217
434,Quiz 2,100,217
435,Quiz 1,100,218
436,Quiz 2,100,218
437,Quiz 1,100,219
438,Quiz 2,100,219
439,Quiz 1,100,220
440,Quiz 2,100,220
441,Quiz 1,100,221
442,Quiz 2,100,221
443,Quiz 1,100,222
444,Quiz 2,100,222
445,Quiz 1,100,223
446,Quiz 2,100,223
447,Quiz 1,100,224
448,Quiz 2,100,224
449,Quiz 1,100,225
450,Quiz 2,100,225
451,Quiz 1,100,226
452,Quiz 2,100,226
453,Quiz 1,100,227
454,Quiz 2,100,227
455,Quiz 1,100,228
456,Quiz 2,100,228
457,Quiz 1,100,229
458,Quiz 2,100,229
459,Quiz 1,100,230
460,Quiz 2,100,230
461,Quiz 1,100,231
462,Quiz 2,100,231
463,Quiz 1,100,232
464,Quiz 2,100,232
465,Quiz 1,100,233
466,Quiz 2,100,233
467,Quiz 1,100,234
468,Quiz 2,100,234
469,Quiz 1,100,235
470,Quiz 2,100,235
471,Quiz 1,100,236
472,Quiz 2,100,236
473,Quiz 1,100,237
474,Quiz 2,100,237
475,Quiz 1,100,238
476,Quiz 2,100,238
477,Quiz 1,100,239
478,Quiz 2,100,239
479,Quiz 1,100,240
480,Quiz 2,100,240
481,Quiz 1,100,241
482,Quiz 2,100,241
483,Quiz 1,100,242
484,Quiz 2,100,242
485,Quiz 1,100,243
486,Quiz 2,100,243
487,Quiz 1,100,244
488,Quiz 2,100,244
489,Quiz 1,100,245
490,Quiz 2,100,245
491,Quiz 1,100,246
492,Quiz 2,100,246
493,Quiz 1,100,247
494,Quiz 2,100,247
495,Quiz 1,100,248
496,Quiz 2,100,248
497,Quiz 1,100,249
498,Quiz 2,100,249
499,Quiz 1,100,250
500,Quiz 2,100,250
501,Quiz 1,100,251
502,Quiz 2,100,251
503,Quiz 1,100,252
504,Quiz 2,100,252
505,Quiz 1,100,253
506,Quiz 2,100,253
507,Quiz 1,100,254
508,Quiz 2,100,254
509,Quiz 1,100,255
510,Quiz 2,100,255
511,Quiz 1,100,256
512,Quiz 2,100,256
513,Quiz 1,100,257
514,Quiz 2,100,257
515,Quiz 1,100,258
516,Quiz 2,100,258
517,Quiz 1,100,259
518,Quiz 2,100,259
519,Quiz 1,100,260
520,Quiz 2,100,260
521,Quiz 1,100,261
522,Quiz 2,100,261
523,Quiz 1,100,262
524,Quiz 2,100,262
525,Quiz 1,100,263
526,Quiz 2,100,263
527,Quiz 1,100,264
528,Quiz 2,100,264
529,Quiz 1,100,265
530,Quiz 2,100,265
531,Quiz 1,100,266
532,Quiz 2,100,266
533,Quiz 1,100,267
534,Quiz 2,100,267
535,Quiz 1,100,268
536,Quiz 2,100,268
537,Quiz 1,100,269
538,Quiz 2,100,269
539,Quiz 1,100,270
540,Quiz 2,100,270
541,Quiz 1,100,271
542,Quiz 2,100,271
543,Quiz 1,100,272
544,Quiz 2,100,272
545,Quiz 1,100,273
546,Quiz 2,100,273
547,Quiz 1,100,274
548,Quiz 2,100,274
549,Quiz 1,100,275
550,Quiz 2,100,275
551,Quiz 1,100,276
552,Quiz 2,100,276
553,Quiz 1,100,277
554,Quiz 2,100,277
555,Quiz 1,100,278
556,Quiz 2,100,278
557,Quiz 1,100,279
558,Quiz 2,100,279
559,Quiz 1,100,280
560,Quiz 2,100,280
561,Quiz 1,100,281
562,Quiz 2,100,281
563,Quiz 1,100,282
564,Quiz 2,100,282
565,Quiz 1,100,283
566,Quiz 2,100,283
567,Quiz 1,100,284
568,Quiz 2,100,284
569,Quiz 1,100,285
570,Quiz 2,100,285
571,Quiz 1,100,286
572,Quiz 2,100,286
573,Quiz 1,100,287
574,Quiz 2,100,287
575,Quiz 1,100,288
576,Quiz 2,100,288
577,Quiz 1,100,289
578,Quiz 2,100,289
579,Quiz 1,100,290
580,Quiz 2,100,290
581,Quiz 1,100,291
582,Quiz 2,100,291
583,Quiz 1,100,292
584,Quiz 2,100,292
585,Quiz 1,100,293
586,Quiz 2,100,293
587,Quiz 1,100,294
588,Quiz 2,100,294
589,Quiz 1,100,295
590,Quiz 2,100,295
591,Quiz 1,100,296
592,Quiz 2,100,296
593,Quiz 1,100,297
594,Quiz 2,100,297
595,Quiz 1,100,298
596,Quiz 2,100,298
597,Quiz 1,100,299
598,Quiz 2,100,299
599,Quiz 1,100,300
600,Quiz 2,100,300
601,Quiz 1,100,301
602,Quiz 2,100,301
603,Quiz 1,100,302
604,Quiz 2,100,302
605,Quiz 1,100,303
606,Quiz 2,100,303
607,Quiz 1,100,304
608,Quiz 2,100,304
609,Quiz 1,100,305
610,Quiz 2,100,305
611,Quiz 1,100,306
612,Quiz 2,100,306
613,Quiz 1,100,307
614,Quiz 2,100,307
615,Quiz 1,100,308
616,Quiz 2,100,308
617,Quiz 1,100,309
618,Quiz 2,100,309
619,Quiz 1,100,310
620,Quiz 2,100,310
621,Quiz 1,100,311
622,Quiz 2,100,311
623,Quiz 1,100,312
624,Quiz 2,100,312
625,Quiz 1,100,313
626,Quiz 2,100,313
627,Quiz 1,100,314
628,Quiz 2,100,314
629,Quiz 1,100,315
630,Quiz 2,100,315
631,Quiz 1,100,316
632,Quiz 2,100,316
633,Quiz 1,100,317
634,Quiz 2,100,317
635,Quiz 1,100,318
636,Quiz 2,100,318
637,Quiz 1,100,319
638,Quiz 2,100,319
639,Quiz 1,100,320
640,Quiz 2,100,320
641,Quiz 1,100,321
642,Quiz 2,100,321
643,Quiz 1,100,322
644,Quiz 2,100,322
645,Quiz 1,100,323
646,Quiz 2,100,323
647,Quiz 1,100,324
648,Quiz 2,100,324
649,Quiz 1,100,325
650,Quiz 2,100,325
651,Quiz 1,100,326
652,Quiz 2,100,326
653,Quiz 1,100,327
654,Quiz 2,100,327
655,Quiz 1,100,328
656,Quiz 2,100,328
657,Quiz 1,100,329
658,Quiz 2,100,329
659,Quiz 1,100,330
660,Quiz 2,100,330
661,Quiz 1,100,331
662,Quiz 2,100,331
663,Quiz 1,100,332
664,Quiz 2,100,332
665,Quiz 1,100,333
666,Quiz 2,100,333
667,Quiz 1,100,334
668,Quiz 2,100,334
669,Quiz 1,100,335
670,Quiz 2,100,335
671,Quiz 1,100,336
672,Quiz 2,100,336
673,Quiz 1,100,337
674,Quiz 2,100,337
675,Quiz 1,100,338
676,Quiz 2,100,338
677,Quiz 1,100,339
678,Quiz 2,100,339
679,Quiz 1,100,340
680,Quiz 2,100,340
681,Quiz 1,100,341
682,Quiz 2,100,341
683,Quiz 1,100,342
684,Quiz 2,100,342
685,Quiz 1,100,343
686,Quiz 2,100,343
687,Quiz 1,100,344
688,Quiz 2,100,344
689,Quiz 1,100,345
690,Quiz 2,100,345
691,Quiz 1,100,346
692,Quiz 2,100,346
693,Quiz 1,100,347
694,Quiz 2,100,347
695,Quiz 1,100,348
696,Quiz 2,100,348
697,Quiz 1,100,349
698,Quiz 2,100,349
699,Quiz 1,100,350
700,Quiz 2,100,350
701,Quiz 1,100,351
702,Quiz 2,100,351
703,Quiz 1,100,352
704,Quiz 2,100,352
705,Quiz 1,100,353
706,Quiz 2,100,353
707,Quiz 1,100,354
708,Quiz 2,100,354
709,Quiz 1,100,355
710,Quiz 2,100,355
711,Quiz 1,100,356
712,Quiz 2,100,356
713,Quiz 1,100,357
714,Quiz 2,100,357
715,Quiz 1,100,358
716,Quiz 2,100,358
717,Quiz 1,100,359
718,Quiz 2,100,359
719,Quiz 1,100,360
720,Quiz 2,100,360
721,Quiz 1,100,361
722,Quiz 2,100,361
723,Quiz 1,100,362
724,Quiz 2,100,362
725,Quiz 1,100,363
726,Quiz 2,100,363
727,Quiz 1,100,364
728,Quiz 2,100,364
729,Quiz 1,100,365
730,Quiz 2,100,365
731,Quiz 1,100,366
732,Quiz 2,100,366
733,Quiz 1,100,367
734,Quiz 2,100,367
735,Quiz 1,100,368
736,Quiz 2,100,368
737,Quiz 1,100,369
738,Quiz 2,100,369
739,Quiz 1,100,370
740,Quiz 2,100,370
741,Quiz 1,100,371
742,Quiz 2,100,371
743,Quiz 1,100,372
744,Quiz 2,100,372
745,Quiz 1,100,373
746,Quiz 2,100,373
747,Quiz 1,100,374
748,Quiz 2,100,374
749,Quiz 1,100,375
750,Quiz 2,100,375
751,Quiz 1,100,376
752,Quiz 2,100,376
753,Quiz 1,100,377
754,Quiz 2,100,377
755,Quiz 1,100,378
756,Quiz 2,100,378
757,Quiz 1,100,379
758,Quiz 2,100,379
759,Quiz 1,100,380
760,Quiz 2,100,380
761,Quiz 1,100,381
762,Quiz 2,100,381
763,Quiz 1,100,382
764,Quiz 2,100,382
765,Quiz 1,100,383
766,Quiz 2,100,383
767,Quiz 1,100,384
768,Quiz 2,100,384
769,Quiz 1,100,385
770,Quiz 2,100,385
771,Quiz 1,100,386
772,Quiz 2,100,386
773,Quiz 1,100,387
774,Quiz 2,100,387
775,Quiz 1,100,388
776,Quiz 2,100,388
777,Quiz 1,100,389
778,Quiz 2,100,389
779,Quiz 1,100,390
780,Quiz 2,100,390
781,Quiz 1,100,391
782,Quiz 2,100,391
783,Quiz 1,100,392
784,Quiz 2,100,392
785,Quiz 1,100,393
786,Quiz 2,100,393
787,Quiz 1,100,394
788,Quiz 2,100,394
789,Quiz 1,100,395
790,Quiz 2,100,395
791,Quiz 1,100,396
792,Quiz 2,100,396
793,Quiz 1,100,397
794,Quiz 2,100,397
795,Quiz 1,100,398
796,Quiz 2,100,398
797,Quiz 1,100,399
798,Quiz 2,100,399
799,Quiz 1,100,400
800,Quiz 2,100,400
801,Quiz 1,100,401
802,Quiz 2,100,401
803,Quiz 1,100,402
804,Quiz 2,100,402
805,Quiz 1,100,403
806,Quiz 2,100,403
807,Quiz 1,100,404
808,Quiz 2,100,404
809,Quiz 1,100,405
810,Quiz 2,100,405
811,Quiz 1,100,406
812,Quiz 2,100,406
813,Quiz 1,100,407
814,Quiz 2,100,407
815,Quiz 1,100,408
816,Quiz 2,100,408
817,Quiz 1,100,409
818,Quiz 2,100,409
819,Quiz 1,100,410
820,Quiz 2,100,410
821,Quiz 1,100,411
822,Quiz 2,100,411
823,Quiz 1,100,412
824,Quiz 2,100,412
825,Quiz 1,100,413
826,Quiz 2,100,413
827,Quiz 1,100,414
828,Quiz 2,100,414
829,Quiz 1,100,415
830,Quiz 2,100,415
831,Quiz 1,100,416
832,Quiz 2,100,416
833,Quiz 1,100,417
834,Quiz 2,100,417
835,Quiz 1,100,418
836,Quiz 2,100,418
837,Quiz 1,100,419
838,Quiz 2,100,419
839,Quiz 1,100,420
840,Quiz 2,100,420
841,Quiz 1,100,421
842,Quiz 2,100,421
843,Quiz 1,100,422
844,Quiz 2,100,422
845,Quiz 1,100,423
846,Quiz 2,100,423
847,Quiz 1,100,424
848,Quiz 2,100,424
849,Quiz 1,100,425
850,Quiz 2,100,425
851,Quiz 1,100,426
852,Quiz 2,100,426
853,Quiz 1,100,427
854,Quiz 2,100,427
855,Quiz 1,100,428
856,Quiz 2,100,428
857,Quiz 1,100,429
858,Quiz 2,100,429
859,Quiz 1,100,430
860,Quiz 2,100,430
861,Quiz 1,100,431
862,Quiz 2,100,431
863,Quiz 1,100,432
864,Quiz 2,100,432
865,Quiz 1,100,433
866,Quiz 2,100,433
867,Quiz 1,100,434
868,Quiz 2,100,434
869,Quiz 1,100,435
870,Quiz 2,100,435
871,Quiz 1,100,436
872,Quiz 2,100,436
873,Quiz 1,100,437
874,Quiz 2,100,437
875,Quiz 1,100,438
876,Quiz 2,100,438
877,Quiz 1,100,439
878,Quiz 2,100,439
879,Quiz 1,100,440
880,Quiz 2,100,440
881,Quiz 1,100,441
882,Quiz 2,100,441
883,Quiz 1,100,442
884,Quiz 2,100,442
885,Quiz 1,100,443
886,Quiz 2,100,443
887,Quiz 1,100,444
888,Quiz 2,100,444
889,Quiz 1,100,445
890,Quiz 2,100,445
891,Quiz 1,100,446
892,Quiz 2,100,446
893,Quiz 1,100,447
894,Quiz 2,100,447
895,Quiz 1,100,448
896,Quiz 2,100,448
897,Quiz 1,100,449
898,Quiz 2,100,449
899,Quiz 1,100,450
900,Quiz 2,100,450
901,Quiz 1,100,451
902,Quiz 2,100,451
903,Quiz 1,100,452
904,Quiz 2,100,452
905,Quiz 1,100,453
906,Quiz 2,100,453
907,Quiz 1,100,454
908,Quiz 2,100,454
909,Quiz 1,100,455
910,Quiz 2,100,455
911,Quiz 1,100,456
912,Quiz 2,100,456
913,Quiz 1,100,457
914,Quiz 2,100,457
915,Quiz 1,100,458
916,Quiz 2,100,458
917,Quiz 1,100,459
918,Quiz 2,100,459
919,Quiz 1,100,460
920,Quiz 2,100,460
921,Quiz 1,100,461
922,Quiz 2,100,461
923,Quiz 1,100,462
924,Quiz 2,100,462
925,Quiz 1,100,463
926,Quiz 2,100,463
927,Quiz 1,100,464
928,Quiz 2,100,464
929,Quiz 1,100,465
930,Quiz 2,100,465
931,Quiz 1,100,466
932,Quiz 2,100,466
933,Quiz 1,100,467
934,Quiz 2,100,467
935,Quiz 1,100,468
936,Quiz 2,100,468
937,Quiz 1,100,469
938,Quiz 2,100,469
939,Quiz 1,100,470
940,Quiz 2,100,470
941,Quiz 1,100,471
942,Quiz 2,100,471
943,Quiz 1,100,472
944,Quiz 2,100,472
945,Quiz 1,100,473
946,Quiz 2,100,473
947,Quiz 1,100,474
948,Quiz 2,100,474
949,Quiz 1,100,475
950,Quiz 2,100,475
951,Quiz 1,100,476
952,Quiz 2,100,476
953,Quiz 1,100,477
954,Quiz 2,100,477
955,Quiz 1,100,478
956,Quiz 2,100,478
957,Quiz 1,100,479
958,Quiz 2,100,479
959,Quiz 1,100,480
960,Quiz 2,100,480
961,Quiz 1,100,481
962,Quiz 2,100,481
963,Quiz 1,100,482
964,Quiz 2,100,482
965,Quiz 1,100,483
966,Quiz 2,100,483
967,Quiz 1,100,484
968,Quiz 2,100,484
969,Quiz 1,100,485
970,Quiz 2,100,485
971,Quiz 1,100,486
972,Quiz 2,100,486
973,Quiz 1,100,487
974,Quiz 2,100,487
975,Quiz 1,100,488
976,Quiz 2,100,488
977,Quiz 1,100,489
978,Quiz 2,100,489
979,Quiz 1,100,490
980,Quiz 2,100,490
981,Quiz 1,100,491
982,Quiz 2,100,491
983,Quiz 1,100,492
984,Quiz 2,100,492
985,Quiz 1,100,493
986,Quiz 2,100,493
987,Quiz 1,100,494
988,Quiz 2,100,494
989,Quiz 1,100,495
990,Quiz 2,100,495
991,Quiz 1,100,496
992,Quiz 2,100,496
993,Quiz 1,100,497
994,Quiz 2,100,497
995,Quiz 1,100,498
996,Quiz 2,100,498
997,Quiz 1,100,499
998,Quiz 2,100,499
999,Quiz 1,100,500
1000,Quiz 2,100,500
1001,Quiz 1,100,501
1002,Quiz 2,100,501
1003,Quiz 1,100,502
1004,Quiz 2,100,502
1005,Quiz 1,100,503
1006,Quiz 2,100,503
1007,Quiz 1,100,504
1008,Quiz 2,100,504
1009,Quiz 1,100,505
1010,Quiz 2,100,505
1011,Quiz 1,100,506
1012,Quiz 2,100,506
1013,Quiz 1,100,507
1014,Quiz 2,100,507
1015,Quiz 1,100,508
1016,Quiz 2,100,508
1017,Quiz 1,100,509
1018,Quiz 2,100,509
1019,Quiz 1,100,510
1020,Quiz 2,100,510
1021,Quiz 1,100,511
1022,Quiz 2,100,511
1023,Quiz 1,100,512
1024,Quiz 2,100,512
1025,Quiz 1,100,513
1026,Quiz 2,100,513
1027,Quiz 1,100,514
1028,Quiz 2,100,514
1029,Quiz 1,100,515
1030,Quiz 2,100,515
1031,Quiz 1,100,516
1032,Quiz 2,100,516
1033,Quiz 1,100,517
1034,Quiz 2,100,517
1035,Quiz 1,100,518
1036,Quiz 2,100,518
1037,Quiz 1,100,519
1038,Quiz 2,100,519
1039,Quiz 1,100,520
1040,Quiz 2,100,520
1041,Quiz 1,100,521
1042,Quiz 2,100,521
1043,Quiz 1,100,522
1044,Quiz 2,100,522
1045,Quiz 1,100,523
1046,Quiz 2,100,523
1047,Quiz 1,100,524
1048,Quiz 2,100,524
1049,Quiz 1,100,525
1050,Quiz 2,100,525
1051,Quiz 1,100,526
1052,Quiz 2,100,526
1053,Quiz 1,100,527
1054,Quiz 2,100,527
1055,Quiz 1,100,528
1056,Quiz 2,100,528
1057,Quiz 1,100,529
1058,Quiz 2,100,529
1059,Quiz 1,100,530
1060,Quiz 2,100,530
1061,Quiz 1,100,531
1062,Quiz 2,100,531
1063,Quiz 1,100,532
1064,Quiz 2,100,532
1065,Quiz 1,100,533
1066,Quiz 2,100,533
1067,Quiz 1,100,534
1068,Quiz 2,100,534
1069,Quiz 1,100,535
1070,Quiz 2,100,535
1071,Quiz 1,100,536
1072,Quiz 2,100,536
1073,Quiz 1,100,537
1074,Quiz 2,100,537
1075,Quiz 1,100,538
1076,Quiz 2,100,538
1077,Quiz 1,100,539
1078,Quiz 2,100,539
1079,Quiz 1,100,540
1080,Quiz 2,100,540
1081,Quiz 1,100,541
1082,Quiz 2,100,541
1083,Quiz 1,100,542
1084,Quiz 2,100,542
1085,Quiz 1,100,543
1086,Quiz 2,100,543
1087,Quiz 1,100,544
1088,Quiz 2,100,544
1089,Quiz 1,100,545
1090,Quiz 2,100,545
1091,Quiz 1,100,546
1092,Quiz 2,100,546
1093,Quiz 1,100,547
1094,Quiz 2,100,547
1095,Quiz 1,100,548
1096,Quiz 2,100,548
1097,Quiz 1,100,549
1098,Quiz 2,100,549
1099,Quiz 1,100,550
1100,Quiz 2,100,550
1101,Quiz 1,100,551
1102,Quiz 2,100,551
1103,Quiz 1,100,552
1104,Quiz 2,100,552
1105,Quiz 1,100,553
1106,Quiz 2,100,553
1107,Quiz 1,100,554
1108,Quiz 2,100,554
1109,Quiz 1,100,555
1110,Quiz 2,100,555
1111,Quiz 1,100,556
1112,Quiz 2,100,556
1113,Quiz 1,100,557
1114,Quiz 2,100,557
1115,Quiz 1,100,558
1116,Quiz 2,100,558
1117,Quiz 1,100,559
1118,Quiz 2,100,559
1119,Quiz 1,100,560
1120,Quiz 2,100,560
1121,Quiz 1,100,561
1122,Quiz 2,100,561
1123,Quiz 1,100,562
1124,Quiz 2,100,562
1125,Quiz 1,100,563
1126,Quiz 2,100,563
1127,Quiz 1,100,564
1128,Quiz 2,100,564
1129,Quiz 1,100,565
1130,Quiz 2,100,565
1131,Quiz 1,100,566
1132,Quiz 2,100,566
1133,Quiz 1,100,567
1134,Quiz 2,100,567
1135,Quiz 1,100,568
1136,Quiz 2,100,568
1137,Quiz 1,100,569
1138,Quiz 2,100,569
1139,Quiz 1,100,570
1140,Quiz 2,100,570
1141,Quiz 1,100,571
1142,Quiz 2,100,571
1143,Quiz 1,100,572
1144,Quiz 2,100,572
1145,Quiz 1,100,573
1146,Quiz 2,100,573
1147,Quiz 1,100,574
1148,Quiz 2,100,574
1149,Quiz 1,100,575
1150,Quiz 2,100,575
1151,Quiz 1,100,576
1152,Quiz 2,100,576
1153,Quiz 1,100,577
1154,Quiz 2,100,577
1155,Quiz 1,100,578
1156,Quiz 2,100,578
1157,Quiz 1,100,579
1158,Quiz 2,100,579
1159,Quiz 1,100,580
1160,Quiz 2,100,580
1161,Quiz 1,100,581
1162,Quiz 2,100,581
1163,Quiz 1,100,582
1164,Quiz 2,100,582
1165,Quiz 1,100,583
1166,Quiz 2,100,583
1167,Quiz 1,100,584
1168,Quiz 2,100,584
1169,Quiz 1,100,585
1170,Quiz 2,100,585
1171,Quiz 1,100,586
1172,Quiz 2,100,586
1173,Quiz 1,100,587
1174,Quiz 2,100,587
1175,Quiz 1,100,588
1176,Quiz 2,100,588
1177,Quiz 1,100,589
1178,Quiz 2,100,589
1179,Quiz 1,100,590
1180,Quiz 2,100,590
1181,Quiz 1,100,591
1182,Quiz 2,100,591
1183,Quiz 1,100,592
1184,Quiz 2,100,592
1185,Quiz 1,100,593
1186,Quiz 2,100,593
1187,Quiz 1,100,594
1188,Quiz 2,100,594
1189,Quiz 1,100,595
1190,Quiz 2,100,595
1191,Quiz 1,100,596
1192,Quiz 2,100,596
1193,Quiz 1,100,597
1194,Quiz 2,100,597
1195,Quiz 1,100,598
1196,Quiz 2,100,598
1197,Quiz 1,100,599
1198,Quiz 2,100,599
1199,Quiz 1,100,600
1200,Quiz 2,100,600
1201,Quiz 1,100,601
1202,Quiz 2,100,601
1203,Quiz 1,100,602
1204,Quiz 2,100,602
1205,Quiz 1,100,603
1206,Quiz 2,100,603
1207,Quiz 1,100,604
1208,Quiz 2,100,604
1209,Quiz 1,100,605
1210,Quiz 2,100,605
1211,Quiz 1,100,606
1212,Quiz 2,100,606
1213,Quiz 1,100,607
1214,Quiz 2,100,607
1215,Quiz 1,100,608
1216,Quiz 2,100,608
1217,Quiz 1,100,609
1218,Quiz 2,100,609
1219,Quiz 1,100,610
1220,Quiz 2,100,610
1221,Quiz 1,100,611
1222,Quiz 2,100,611
1223,Quiz 1,100,612
1224,Quiz 2,100,612
1225,Quiz 1,100,613
1226,Quiz 2,100,613
1227,Quiz 1,100,614
1228,Quiz 2,100,614
1229,Quiz 1,100,615
1230,Quiz 2,100,615
1231,Quiz 1,100,616
1232,Quiz 2,100,616
1233,Quiz 1,100,617
1234,Quiz 2,100,617
1235,Quiz 1,100,618
1236,Quiz 2,100,618
1237,Quiz 1,100,619
1238,Quiz 2,100,619
1239,Quiz 1,100,620
1240,Quiz 2,100,620
1241,Quiz 1,100,621
1242,Quiz 2,100,621
1243,Quiz 1,100,622
1244,Quiz 2,100,622
1245,Quiz 1,100,623
1246,Quiz 2,100,623
1247,Quiz 1,100,624
1248,Quiz 2,100,624
1249,Quiz 1,100,625
1250,Quiz 2,100,625
1251,Quiz 1,100,626
1252,Quiz 2,100,626
1253,Quiz 1,100,627
1254,Quiz 2,100,627
1255,Quiz 1,100,628
1256,Quiz 2,100,628
1257,Quiz 1,100,629
1258,Quiz 2,100,629
1259,Quiz 1,100,630
1260,Quiz 2,100,630
1261,Quiz 1,100,631
1262,Quiz 2,100,631
1263,Quiz 1,100,632
1264,Quiz 2,100,632
1265,Quiz 1,100,633
1266,Quiz 2,100,633
1267,Quiz 1,100,634
1268,Quiz 2,100,634
1269,Quiz 1,100,635
1270,Quiz 2,100,635
1271,Quiz 1,100,636
1272,Quiz 2,100,636
1273,Quiz 1,100,637
1274,Quiz 2,100,637
1275,Quiz 1,100,638
1276,Quiz 2,100,638
1277,Quiz 1,100,639
1278,Quiz 2,100,639
1279,Quiz 1,100,640
1280,Quiz 2,100,640
1281,Quiz 1,100,641
1282,Quiz 2,100,641
1283,Quiz 1,100,642
1284,Quiz 2,100,642
1285,Quiz 1,100,643
1286,Quiz 2,100,643
1287,Quiz 1,100,644
1288,Quiz 2,100,644
1289,Quiz 1,100,645
1290,Quiz 2,100,645
1291,Quiz 1,100,646
1292,Quiz 2,100,646
1293,Quiz 1,100,647
1294,Quiz 2,100,647
1295,Quiz 1,100,648
1296,Quiz 2,100,648
1297,Quiz 1,100,649
1298,Quiz 2,100,649
1299,Quiz 1,100,650
1300,Quiz 2,100,650
1301,Quiz 1,100,651
1302,Quiz 2,100,651
1303,Quiz 1,100,652
1304,Quiz 2,100,652
1305,Quiz 1,100,653
1306,Quiz 2,100,653
1307,Quiz 1,100,654
1308,Quiz 2,100,654
1309,Quiz 1,100,655
1310,Quiz 2,100,655
1311,Quiz 1,100,656
1312,Quiz 2,100,656
1313,Quiz 1,100,657
1314,Quiz 2,100,657
1315,Quiz 1,100,658
1316,Quiz 2,100,658
1317,Quiz 1,100,659
1318,Quiz 2,100,659
1319,Quiz 1,100,660
1320,Quiz 2,100,660
1321,Quiz 1,100,661
1322,Quiz 2,100,661
1323,Quiz 1,100,662
1324,Quiz 2,100,662
1325,Quiz 1,100,663
1326,Quiz 2,100,663
1327,Quiz 1,100,664
1328,Quiz 2,100,664
1329,Quiz 1,100,665
1330,Quiz 2,100,665
1331,Quiz 1,100,666
1332,Quiz 2,100,666
1333,Quiz 1,100,667
1334,Quiz 2,100,667
1335,Quiz 1,100,668
1336,Quiz 2,100,668
1337,Quiz 1,100,669
1338,Quiz 2,100,669
1339,Quiz 1,100,670
1340,Quiz 2,100,670
1341,Quiz 1,100,671
1342,Quiz 2,100,671
1343,Quiz 1,100,672
1344,Quiz 2,100,672
1345,Quiz 1,100,673
1346,Quiz 2,100,673
1347,Quiz 1,100,674
1348,Quiz 2,100,674
1349,Quiz 1,100,675
1350,Quiz 2,100,675
1351,Quiz 1,100,676
1352,Quiz 2,100,676
1353,Quiz 1,100,677
1354,Quiz 2,100,677
1355,Quiz 1,100,678
1356,Quiz 2,100,678
1357,Quiz 1,100,679
1358,Quiz 2,100,679
1359,Quiz 1,100,680
1360,Quiz 2,100,680
1361,Quiz 1,100,681
1362,Quiz 2,100,681
1363,Quiz 1,100,682
1364,Quiz 2,100,682
1365,Quiz 1,100,683
1366,Quiz 2,100,683
1367,Quiz 1,100,684
1368,Quiz 2,100,684
1369,Quiz 1,100,685
1370,Quiz 2,100,685
1371,Quiz 1,100,686
1372,Quiz 2,100,686
1373,Quiz 1,100,687
1374,Quiz 2,100,687
1375,Quiz 1,100,688
1376,Quiz 2,100,688
1377,Quiz 1,100,689
1378,Quiz 2,100,689
1379,Quiz 1,100,690
1380,Quiz 2,100,690
1381,Quiz 1,100,691
1382,Quiz 2,100,691
1383,Quiz 1,100,692
1384,Quiz 2,100,692
1385,Quiz 1,100,693
1386,Quiz 2,100,693
1387,Quiz 1,100,694
1388,Quiz 2,100,694
1389,Quiz 1,100,695
1390,Quiz 2,100,695
1391,Quiz 1,100,696
1392,Quiz 2,100,696
1393,Quiz 1,100,697
1394,Quiz 2,100,697
1395,Quiz 1,100,698
1396,Quiz 2,100,698
1397,Quiz 1,100,699
1398,Quiz 2,100,699
1399,Quiz 1,100,700
1400,Quiz 2,100,700
1401,Quiz 1,100,701
1402,Quiz 2,100,701
1403,Quiz 1,100,702
1404,Quiz 2,100,702
1405,Quiz 1,100,703
1406,Quiz 2,100,703
1407,Quiz 1,100,704
1408,Quiz 2,100,704
1409,Quiz 1,100,705
1410,Quiz 2,100,705
1411,Quiz 1,100,706
1412,Quiz 2,100,706
1413,Quiz 1,100,707
1414,Quiz 2,100,707
1415,Quiz 1,100,708
1416,Quiz 2,100,708
1417,Quiz 1,100,709
1418,Quiz 2,100,709
1419,Quiz 1,100,710
1420,Quiz 2,100,710
1421,Quiz 1,100,711
1422,Quiz 2,100,711
1423,Quiz 1,100,712
1424,Quiz 2,100,712
1425,Quiz 1,100,713
1426,Quiz 2,100,713
1427,Quiz 1,100,714
1428,Quiz 2,100,714
1429,Quiz 1,100,715
1430,Quiz 2,100,715
1431,Quiz 1,100,716
1432,Quiz 2,100,716
1433,Quiz 1,100,717
1434,Quiz 2,100,717
1435,Quiz 1,100,718
1436,Quiz 2,100,718
1437,Quiz 1,100,719
1438,Quiz 2,100,719
1439,Quiz 1,100,720
1440,Quiz 2,100,720
1441,Quiz 1,100,721
1442,Quiz 2,100,721
1443,Quiz 1,100,722
1444,Quiz 2,100,722
1445,Quiz 1,100,723
1446,Quiz 2,100,723
1447,Quiz 1,100,724
1448,Quiz 2,100,724
1449,Quiz 1,100,725
1450,Quiz 2,100,725
1451,Quiz 1,100,726
1452,Quiz 2,100,726
1453,Quiz 1,100,727
1454,Quiz 2,100,727
1455,Quiz 1,100,728
1456,Quiz 2,100,728
1457,Quiz 1,100,729
1458,Quiz 2,100,729
1459,Quiz 1,100,730
1460,Quiz 2,100,730
1461,Quiz 1,100,731
1462,Quiz 2,100,731
1463,Quiz 1,100,732
1464,Quiz 2,100,732
1465,Quiz 1,100,733
1466,Quiz 2,100,733
1467,Quiz 1,100,734
1468,Quiz 2,100,734
1469,Quiz 1,100,735
1470,Quiz 2,100,735
1471,Quiz 1,100,736
1472,Quiz 2,100,736
1473,Quiz 1,100,737
1474,Quiz 2,100,737
1475,Quiz 1,100,738
1476,Quiz 2,100,738
1477,Quiz 1,100,739
1478,Quiz 2,100,739
1479,Quiz 1,100,740
1480,Quiz 2,100,740
1481,Quiz 1,100,741
1482,Quiz 2,100,741
1483,Quiz 1,100,742
1484,Quiz 2,100,742
1485,Quiz 1,100,743
1486,Quiz 2,100,743
1487,Quiz 1,100,744
1488,Quiz 2,100,744
1489,Quiz 1,100,745
1490,Quiz 2,100,745
1491,Quiz 1,100,746
1492,Quiz 2,100,746
1493,Quiz 1,100,747
1494,Quiz 2,100,747
1495,Quiz 1,100,748
1496,Quiz 2,100,748
1497,Quiz 1,100,749
1498,Quiz 2,100,749
1499,Quiz 1,100,750
1500,Quiz 2,100,750
1501,Quiz 1,100,751
1502,Quiz 2,100,751
1503,Quiz 1,100,752
1504,Quiz 2,100,752
1505,Quiz 1,100,753
1506,Quiz 2,100,753
1507,Quiz 1,100,754
1508,Quiz 2,100,754
1509,Quiz 1,100,755
1510,Quiz 2,100,755
1511,Quiz 1,100,756
1512,Quiz 2,100,756
1513,Quiz 1,100,757
1514,Quiz 2,100,757
1515,Quiz 1,100,758
1516,Quiz 2,100,758
1517,Quiz 1,100,759
1518,Quiz 2,100,759
1519,Quiz 1,100,760
1520,Quiz 2,100,760
1521,Quiz 1,100,761
1522,Quiz 2,100,761
1523,Quiz 1,100,762
1524,Quiz 2,100,762
1525,Quiz 1,100,763
1526,Quiz 2,100,763
1527,Quiz 1,100,764
1528,Quiz 2,100,764
1529,Quiz 1,100,765
1530,Quiz 2,100,765
1531,Quiz 1,100,766
1532,Quiz 2,100,766
1533,Quiz 1,100,767
1534,Quiz 2,100,767
1535,Quiz 1,100,768
1536,Quiz 2,100,768
1537,Quiz 1,100,769
1538,Quiz 2,100,769
1539,Quiz 1,100,770
1540,Quiz 2,100,770
1541,Quiz 1,100,771
1542,Quiz 2,100,771
1543,Quiz 1,100,772
1544,Quiz 2,100,772
1545,Quiz 1,100,773
1546,Quiz 2,100,773
1547,Quiz 1,100,774
1548,Quiz 2,100,774
1549,Quiz 1,100,775
1550,Quiz 2,100,775
1551,Quiz 1,100,776
1552,Quiz 2,100,776
1553,Quiz 1,100,777
1554,Quiz 2,100,777
1555,Quiz 1,100,778
1556,Quiz 2,100,778
1557,Quiz 1,100,779
1558,Quiz 2,100,779
1559,Quiz 1,100,780
1560,Quiz 2,100,780
1561,Quiz 1,100,781
1562,Quiz 2,100,781
1563,Quiz 1,100,782
1564,Quiz 2,100,782
1565,Quiz 1,100,783
1566,Quiz 2,100,783
1567,Quiz 1,100,784
1568,Quiz 2,100,784
1569,Quiz 1,100,785
1570,Quiz 2,100,785
1571,Quiz 1,100,786
1572,Quiz 2,100,786
1573,Quiz 1,100,787
1574,Quiz 2,100,787
1575,Quiz 1,100,788
1576,Quiz 2,100,788
1577,Quiz 1,100,789
1578,Quiz 2,100,789
1579,Quiz 1,100,790
1580,Quiz 2,100,790
1581,Quiz 1,100,791
1582,Quiz 2,100,791
1583,Quiz 1,100,792
1584,Quiz 2,100,792
1585,Quiz 1,100,793
1586,Quiz 2,100,793
1587,Quiz 1,100,794
1588,Quiz 2,100,794
1589,Quiz 1,100,795
1590,Quiz 2,100,795
1591,Quiz 1,100,796
1592,Quiz 2,100,796
1593,Quiz 1,100,797
1594,Quiz 2,100,797
1595,Quiz 1,100,798
1596,Quiz 2,100,798
1597,Quiz 1,100,799
1598,Quiz 2,100,799
1599,Quiz 1,100,800
1600,Quiz 2,100,800
1601,Quiz 1,100,801
1602,Quiz 2,100,801
1603,Quiz 1,100,802
1604,Quiz 2,100,802
1605,Quiz 1,100,803
1606,Quiz 2,100,803
1607,Quiz 1,100,804
1608,Quiz 2,100,804
1609,Quiz 1,100,805
1610,Quiz 2,100,805
1611,Quiz 1,100,806
1612,Quiz 2,100,806
1613,Quiz 1,100,807
1614,Quiz 2,100,807
1615,Quiz 1,100,808
1616,Quiz 2,100,808
1617,Quiz 1,100,809
1618,Quiz 2,100,809
1619,Quiz 1,100,810
1620,Quiz 2,100,810
1621,Quiz 1,100,811
1622,Quiz 2,100,811
1623,Quiz 1,100,812
1624,Quiz 2,100,812
1625,Quiz 1,100,813
1626,Quiz 2,100,813
1627,Quiz 1,100,814
1628,Quiz 2,100,814
1629,Quiz 1,100,815
1630,Quiz 2,100,815
1631,Quiz 1,100,816
1632,Quiz 2,100,816
1633,Quiz 1,100,817
1634,Quiz 2,100,817
1635,Quiz 1,100,818
1636,Quiz 2,100,818
1637,Quiz 1,100,819
1638,Quiz 2,100,819
1639,Quiz 1,100,820
1640,Quiz 2,100,820
1641,Quiz 1,100,821
1642,Quiz 2,100,821
1643,Quiz 1,100,822
1644,Quiz 2,100,822
1645,Quiz 1,100,823
1646,Quiz 2,100,823
1647,Quiz 1,100,824
1648,Quiz 2,100,824
1649,Quiz 1,100,825
1650,Quiz 2,100,825
1651,Quiz 1,100,826
1652,Quiz 2,100,826
1653,Quiz 1,100,827
1654,Quiz 2,100,827
1655,Quiz 1,100,828
1656,Quiz 2,100,828
1657,Quiz 1,100,829
1658,Quiz 2,100,829
1659,Quiz 1,100,830
1660,Quiz 2,100,830
1661,Quiz 1,100,831
1662,Quiz 2,100,831
1663,Quiz 1,100,832
1664,Quiz 2,100,832
1665,Quiz 1,100,833
1666,Quiz 2,100,833
1667,Quiz 1,100,834
1668,Quiz 2,100,834
1669,Quiz 1,100,835
1670,Quiz 2,100,835
1671,Quiz 1,100,836
1672,Quiz 2,100,836
1673,Quiz 1,100,837
1674,Quiz 2,100,837
1675,Quiz 1,100,838
1676,Quiz 2,100,838
1677,Quiz 1,100,839
1678,Quiz 2,100,839
1679,Quiz 1,100,840
1680,Quiz 2,100,840
1681,Quiz 1,100,841
1682,Quiz 2,100,841
1683,Quiz 1,100,842
1684,Quiz 2,100,842
1685,Quiz 1,100,843
1686,Quiz 2,100,843
1687,Quiz 1,100,844
1688,Quiz 2,100,844
1689,Quiz 1,100,845
1690,Quiz 2,100,845
1691,Quiz 1,100,846
1692,Quiz 2,100,846
1693,Quiz 1,100,847
1694,Quiz 2,100,847
1695,Quiz 1,100,848
1696,Quiz 2,100,848
1697,Quiz 1,100,849
1698,Quiz 2,100,849
1699,Quiz 1,100,850
1700,Quiz 2,100,850
1701,Quiz 1,100,851
1702,Quiz 2,100,851
1703,Quiz 1,100,852
1704,Quiz 2,100,852
1705,Quiz 1,100,853
1706,Quiz 2,100,853
1707,Quiz 1,100,854
1708,Quiz 2,100,854
1709,Quiz 1,100,855
1710,Quiz 2,100,855
1711,Quiz 1,100,856
1712,Quiz 2,100,856
1713,Quiz 1,100,857
1714,Quiz 2,100,857
1715,Quiz 1,100,858
1716,Quiz 2,100,858
1717,Quiz 1,100,859
1718,Quiz 2,100,859
1719,Quiz 1,100,860
1720,Quiz 2,100,860
1721,Quiz 1,100,861
1722,Quiz 2,100,861
1723,Quiz 1,100,862
1724,Quiz 2,100,862
1725,Quiz 1,100,863
1726,Quiz 2,100,863
1727,Quiz 1,100,864
1728,Quiz 2,100,864
1729,Quiz 1,100,865
1730,Quiz 2,100,865
1731,Quiz 1,100,866
1732,Quiz 2,100,866
1733,Quiz 1,100,867
1734,Quiz 2,100,867
1735,Quiz 1,100,868
1736,Quiz 2,100,868
1737,Quiz 1,100,869
1738,Quiz 2,100,869
1739,Quiz 1,100,870
1740,Quiz 2,100,870
1741,Quiz 1,100,871
1742,Quiz 2,100,871
1743,Quiz 1,100,872
1744,Quiz 2,100,872
1745,Quiz 1,100,873
1746,Quiz 2,100,873
1747,Quiz 1,100,874
1748,Quiz 2,100,874
1749,Quiz 1,100,875
1750,Quiz 2,100,875
1751,Quiz 1,100,876
1752,Quiz 2,100,876
1753,Quiz 1,100,877
1754,Quiz 2,100,877
1755,Quiz 1,100,878
1756,Quiz 2,100,878
1757,Quiz 1,100,879
1758,Quiz 2,100,879
1759,Quiz 1,100,880
1760,Quiz 2,100,880
1761,Quiz 1,100,881
1762,Quiz 2,100,881
1763,Quiz 1,100,882
1764,Quiz 2,100,882
1765,Quiz 1,100,883
1766,Quiz 2,100,883
1767,Quiz 1,100,884
1768,Quiz 2,100,884
1769,Quiz 1,100,885
1770,Quiz 2,100,885
1771,Quiz 1,100,886
1772,Quiz 2,100,886
1773,Quiz 1,100,887
1774,Quiz 2,100,887
1775,Quiz 1,100,888
1776,Quiz 2,100,888
1777,Quiz 1,100,889
1778,Quiz 2,100,889
1779,Quiz 1,100,890
1780,Quiz 2,100,890
1781,Quiz 1,100,891
1782,Quiz 2,100,891
1783,Quiz 1,100,892
1784,Quiz 2,100,892
1785,Quiz 1,100,893
1786,Quiz 2,100,893
1787,Quiz 1,100,894
1788,Quiz 2,100,894
1789,Quiz 1,100,895
1790,Quiz 2,100,895
1791,Quiz 1,100,896
1792,Quiz 2,100,896
1793,Quiz 1,100,897
1794,Quiz 2,100,897
1795,Quiz 1,100,898
1796,Quiz 2,100,898
1797,Quiz 1,100,899
1798,Quiz 2,100,899
1799,Quiz 1,100,900
1800,Quiz 2,100,900
1801,Quiz 1,100,901
1802,Quiz 2,100,901
1803,Quiz 1,100,902
1804,Quiz 2,100,902
1805,Quiz 1,100,903
1806,Quiz 2,100,903
1807,Quiz 1,100,904
1808,Quiz 2,100,904
1809,Quiz 1,100,905
1810,Quiz 2,100,905
1811,Quiz 1,100,906
1812,Quiz 2,100,906
1813,Quiz 1,100,907
1814,Quiz 2,100,907
1815,Quiz 1,100,908
1816,Quiz 2,100,908
1817,Quiz 1,100,909
1818,Quiz 2,100,909
1819,Quiz 1,100,910
1820,Quiz 2,100,910
1821,Quiz 1,100,911
1822,Quiz 2,100,911
1823,Quiz 1,100,912
1824,Quiz 2,100,912
1825,Quiz 1,100,913
1826,Quiz 2,100,913
1827,Quiz 1,100,914
1828,Quiz 2,100,914
1829,Quiz 1,100,915
1830,Quiz 2,100,915
1831,Quiz 1,100,916
1832,Quiz 2,100,916
1833,Quiz 1,100,917
1834,Quiz 2,100,917
1835,Quiz 1,100,918
1836,Quiz 2,100,918
1837,Quiz 1,100,919
1838,Quiz 2,100,919
1839,Quiz 1,100,920
1840,Quiz 2,100,920
1841,Quiz 1,100,921
1842,Quiz 2,100,921
1843,Quiz 1,100,922
1844,Quiz 2,100,922
1845,Quiz 1,100,923
1846,Quiz 2,100,923
1847,Quiz 1,100,924
1848,Quiz 2,100,924
1849,Quiz 1,100,925
1850,Quiz 2,100,925
1851,Quiz 1,100,926
1852,Quiz 2,100,926
1853,Quiz 1,100,927
1854,Quiz 2,100,927
1855,Quiz 1,100,928
1856,Quiz 2,100,928
1857,Quiz 1,100,929
1858,Quiz 2,100,929
1859,Quiz 1,100,930
1860,Quiz 2,100,930
1861,Quiz 1,100,931
1862,Quiz 2,100,931
1863,Quiz 1,100,932
1864,Quiz 2,100,932
1865,Quiz 1,100,933
1866,Quiz 2,100,933
1867,Quiz 1,100,934
1868,Quiz 2,100,934
1869,Quiz 1,100,935
1870,Quiz 2,100,935
1871,Quiz 1,100,936
1872,Quiz 2,100,936
1873,Quiz 1,100,937
1874,Quiz 2,100,937
1875,Quiz 1,100,938
1876,Quiz 2,100,938
1877,Quiz 1,100,939
1878,Quiz 2,100,939
1879,Quiz 1,100,940
1880,Quiz 2,100,940
1881,Quiz 1,100,941
1882,Quiz 2,100,941
1883,Quiz 1,100,942
1884,Quiz 2,100,942
1885,Quiz 1,100,943
1886,Quiz 2,100,943
1887,Quiz 1,100,944
1888,Quiz 2,100,944
1889,Quiz 1,100,945
1890,Quiz 2,100,945
1891,Quiz 1,100,946
1892,Quiz 2,100,946
1893,Quiz 1,100,947
1894,Quiz 2,100,947
1895,Quiz 1,100,948
1896,Quiz 2,100,948
1897,Quiz 1,100,949
1898,Quiz 2,100,949
1899,Quiz 1,100,950
1900,Quiz 2,100,950
1901,Quiz 1,100,951
1902,Quiz 2,100,951
1903,Quiz 1,100,952
1904,Quiz 2,100,952
1905,Quiz 1,100,953
1906,Quiz 2,100,953
1907,Quiz 1,100,954
1908,Quiz 2,100,954
1909,Quiz 1,100,955
1910,Quiz 2,100,955
1911,Quiz 1,100,956
1912,Quiz 2,100,956
1913,Quiz 1,100,957
1914,Quiz 2,100,957
1915,Quiz 1,100,958
1916,Quiz 2,100,958
1917,Quiz 1,100,959
1918,Quiz 2,100,959
1919,Quiz 1,100,960
1920,Quiz 2,100,960
